{
  "Workflows": [
    {
      "Path": null,
      "SortBy": 0,
      "VariablesSectionElementsOrder": [],
      "ArgumentsSectionElementsOrder": null,
      "ConstantsSectionElementsOrder": [],
      "AddedNamespaces": null
    },
    {
      "Path": "Main.xaml",
      "SortBy": 0,
      "VariablesSectionElementsOrder": [],
      "ArgumentsSectionElementsOrder": [],
      "ConstantsSectionElementsOrder": [],
      "AddedNamespaces": null
    },
    {
      "Path": "RPA06_부동산공시가격_김수민.xaml",
      "SortBy": 0,
      "VariablesSectionElementsOrder": [
        "Index&Sequence_1",
        "str공시기준일&Sequence_1",
        "str공시기준일가격&Sequence_1",
        "str단지명좀선택해라&Sequence_1",
        "strDropdownItems&Sequence_1",
        "listDropdownItems&Sequence_1",
        "inuDropdownItems&Sequence_1",
        "str동앞글자&Sequence_1",
        "str소분류초성&Sequence_1",
        "DT부동산&Sequence_1",
        "str호&Sequence_1",
        "str동&Sequence_1",
        "str단지명&Sequence_1",
        "str중분류&Sequence_1",
        "str소분류&Sequence_1",
        "str대분류&Sequence_1"
      ],
      "ArgumentsSectionElementsOrder": [],
      "ConstantsSectionElementsOrder": [],
      "AddedNamespaces": null
    }
  ]
}